p_id,first_name,last_name
0,James,Harden
1,Eric,Gordon
2,Trevor,Ariza
3,Ryan,Anderson
4,Clint,Capela
5,Nene,Hilario
6,Corey,Brewer
7,K.J.,McDaniels
8,Sam,Dekker
9,Bobby,Brown
10,Tyler,Ennis
11,Kyle,Wiltjer
12,Montrezl,Harrell
13,LeBron,James
14,Kyrie,Irving
15,J.R.,Smith
16,Kevin,Love
17,Tristan,Thompson
18,Iman,Shumpert
19,Richard,Jefferson
20,Mike,Dunleavy
21,Channing,Frye
22,DeAndre,Liggins
23,James,Jones
24,Chris,Andersen
25,Jordan,McRae
26,Carmelo,Anthony
27,Derrick,Rose
28,Joakim,Noah
29,Kristaps,Porzingis
30,Courtney,Lee
31,Lance,Thomas
32,Brandon,Jennings
33,Justin,Holiday
34,Kyle,O'Quinn
35,Maurice,Ndour
36,Willy,Hernangomez
37,Sasha,Vujacic
38,Mindaugas,Kuzminskas
39,Tobias,Harris
40,Andre,Drummond
41,Kentavious,Caldwell-Pope
42,Marcus,Morris
43,Ish,Smith
44,Jon,Leuer
45,Stanley,Johnson
46,Beno,Udrih
47,Aron,Baynes
48,Darrun,Hilliard
49,Boban,Marjanovic
50,Henry,Ellenson
51,Michael,Gbinije
52,Nick,Young
53,Luol,Deng
54,Julius,Randle
55,Timofey,Mozgov
56,D'Angelo,Russell
57,Jordan,Clarkson
58,Larry,Nance
59,Lou,Williams
60,Tarik,Black
61,Jose,Calderon
62,Brandon,Ingram
63,Metta,World Peace
64,Marcelo,Huertas
65,Monta,Ellis
66,Paul,George
67,Jeff,Teague
68,Thaddeus,Young
69,Myles,Turner
70,C.J.,Miles
71,Lavoy,Allen
72,Aaron,Brooks
73,Al,Jefferson
74,Kevin,Seraphin
75,Georges,Niang
76,Joe,Young
77,Glenn,Robinson
78,Rudy,Gay
79,Arron,Afflalo
80,Ty,Lawson
81,DeMarcus,Cousins
82,Matt,Barnes
83,Garrett,Temple
84,Kosta,Koufos
85,Ben,McLemore
86,Anthony,Tolliver
87,Malachi,Richardson
88,Willie,Cauley-Stein
89,Skal,Labissiere
90,Darren,Collison
91,Dion,Waiters
92,Goran,Dragic
93,Justise,Winslow
94,Hassan,Whiteside
95,Luke,Babbitt
96,Tyler,Johnson
97,James,Johnson
98,Udonis,Haslem
99,Rodney,McGruder
100,Willie,Reed
101,Josh,McRoberts
102,Derrick,Williams
103,Troy,Williams
104,JaMychal,Green
105,Jarell,Martin
106,Wade,Baldwin
107,James,Ennis
108,Andrew,Harrison
109,Deyonta,Davis
110,Tony,Allen
111,Vince,Carter
112,Troy,Daniels
113,Zach,Randolph
114,Mike,Conley
115,Marc,Gasol
116,Gorgui,Dieng
117,Karl-Anthony,Towns
118,Zach,LaVine
119,Andrew,Wiggins
120,Kris,Dunn
121,Tyus,Jones
122,Brandon,Rush
123,Shabazz,Muhammad
124,Nemanja,Bjelica
125,Cole,Aldrich
126,Jordan,Hill
127,John,Lucas III
128,Adreian,Payne
129,Giannis,Antetokounmpo
130,Tony,Snell
131,Jabari,Parker
132,Matthew,Dellavedova
133,Miles,Plumlee
134,Malcolm,Brogdon
135,Greg,Monroe
136,Rashad,Vaughn
137,John,Henson
138,Michael,Beasley
139,Mirza,Teletovic
140,Jason,Terry
141,Thon,Maker
142,Dante,Cunningham
143,Anthony,Davis
144,Tim,Frazier
145,Solomon,Hill
146,E'Twaun,Moore
147,Lance,Stephenson
148,Buddy,Hield
149,Omer,Asik
150,Langston,Galloway
151,Alexis,Ajinca
152,Terrence,Jones
153,Cheick,Diallo
154,Elfrid,Payton
155,Evan,Fournier
156,Serge,Ibaka
157,Aaron,Gordon
158,Nikola,Vucevic
159,Bismack,Biyombo
160,D.J.,Augustin
161,Mario,Hezonja
162,Jeff,Green
163,C.J.,Watson
164,C.J.,Wilcox
165,Stephen,Zimmerman
166,Damjan,Rudez
167,Sergio,Rodriguez
168,Dario,Saric
169,Gerald,Henderson
170,Robert,Covington
171,Joel,Embiid
172,Hollis,Thompson
173,Richaun,Holmes
174,Nik,Stauskas
175,T.J.,McConnell
176,Timothe,Luwawu-Cabarrot
177,Jahlil,Okafor
178,Kevin,Durant
179,Klay,Thompson
180,Draymond,Green
181,Stephen,Curry
182,Zaza,Pachulia
183,Ian,Clark
184,Andre,Iguodala
185,Shaun,Livingston
186,David,West
187,James,Michael McAdoo
188,Kevon,Looney
189,JaVale,McGee
190,Anderson,Varejao
191,Damian,Lillard
192,Al-Farouq,Aminu
193,CJ,McCollum
194,Maurice,Harkless
195,Mason,Plumlee
196,Evan,Turner
197,Allen,Crabbe
198,Ed,Davis
199,Noah,Vonleh
200,Shabazz,Napier
201,Meyers,Leonard
202,Jake,Layman
203,Pat,Connaughton
204,Joe,Johnson
205,Rudy,Gobert
206,Rodney,Hood
207,George,Hill
208,Derrick,Favors
209,Trey,Lyles
210,Shelvin,Mack
211,Joe,Ingles
212,Dante,Exum
213,Jeff,Withey
214,Joel,Bolomboy
215,Raul,Neto
216,Kawhi,Leonard
217,LaMarcus,Aldridge
218,Tony,Parker
219,Jonathon,Simmons
220,Pau,Gasol
221,Manu,Ginobili
222,Patty,Mills
223,Kyle,Anderson
224,David,Lee
225,Dewayne,Dedmon
226,Bryn,Forbes
227,Nicolas,Laprovittola
228,Dejounte,Murray
229,Ivica,Zubac
230,Thomas,Robinson
231,Paul,Millsap
232,Dwight,Howard
233,Kent,Bazemore
234,Dennis,Schroder
235,Kyle,Korver
236,Tim,Hardaway
237,Thabo,Sefolosha
238,Malcolm,Delaney
239,Mike,Muscala
240,Kris,Humphries
241,Taurean,Waller-Prince
242,Ryan,Kelly
243,DeAndre',Bembry
244,Jimmy,Butler
245,Dwyane,Wade
246,Rajon,Rondo
247,Taj,Gibson
248,Robin,Lopez
249,Nikola,Mirotic
250,Isaiah,Canaan
251,Jerian,Grant
252,Bobby,Portis
253,Cristiano,Felicio
254,Denzel,Valentine
255,R.J.,Hunter
256,Paul,Zipser
257,Avery,Bradley
258,Isaiah,Thomas
259,Amir,Johnson
260,Tyler,Zeller
261,Jae,Crowder
262,Marcus,Smart
263,Jonas,Jerebko
264,Gerald,Green
265,Terry,Rozier
266,Jaylen,Brown
267,Jordan,Mickey
268,James,Young
269,Demetrius,Jackson
270,Bojan,Bogdanovic
271,Trevor,Booker
272,Brook,Lopez
273,Rondae,Hollis-Jefferson
274,Jeremy,Lin
275,Sean,Kilpatrick
276,Joe,Harris
277,Justin,Hamilton
278,Isaiah,Whitehead
279,Luis,Scola
280,Anthony,Bennett
281,Greivis,Vasquez
282,Chris,McCullough
283,Ersan,Ilyasova
284,Nicolas,Batum
285,Kemba,Walker
286,Michael,Kidd-Gilchrist
287,Marvin,Williams
288,Cody,Zeller
289,Frank,Kaminsky
290,Ramon,Sessions
291,Marco,Belinelli
292,Spencer,Hawes
293,Treveon,Graham
294,Brian,Roberts
295,Aaron,Harrison
296,Russell,Westbrook
297,Victor,Oladipo
298,Steven,Adams
299,Andre,Roberson
300,Domantas,Sabonis
301,Enes,Kanter
302,Jerami,Grant
303,Joffrey,Lauvergne
304,Semaj,Christon
305,Anthony,Morrow
306,Alex,Abrines
307,Nick,Collison
308,Kyle,Singler
309,Blake,Griffin
310,Chris,Paul
311,DeAndre,Jordan
312,J.J.,Redick
313,Luc,Mbah a Moute
314,Jamal,Crawford
315,Austin,Rivers
316,Marreese,Speights
317,Raymond,Felton
318,Brandon,Bass
319,Wesley,Johnson
320,Diamond,Stone
321,Alan,Anderson
322,Ron,Baker
323,Eric,Bledsoe
324,Devin,Booker
325,T.J.,Warren
326,Tyson,Chandler
327,Jared,Dudley
328,Brandon,Knight
329,Alex,Len
330,P.J.,Tucker
331,Marquese,Chriss
332,Leandro,Barbosa
333,Tyler,Ulis
334,Dragan,Bender
335,Alan,Williams
336,Harrison,Barnes
337,Wesley,Matthews
338,Deron,Williams
339,Dirk,Nowitzki
340,Andrew,Bogut
341,J.J.,Barea
342,Justin,Anderson
343,Dwight,Powell
344,Seth,Curry
345,Salah,Mejri
346,Nicolas,Brussino
347,Dorian,Finney-Smith
348,Quincy,Acy
349,DeMar,DeRozan
350,Kyle,Lowry
351,Jonas,Valanciunas
352,DeMarre,Carroll
353,Pascal,Siakam
354,Patrick,Patterson
355,Terrence,Ross
356,Jakob,Poeltl
357,Cory,Joseph
358,Norman,Powell
359,Bruno,Caboclo
360,Fred,VanVleet
361,Lucas,Nogueira
362,Marcin,Gortat
363,Bradley,Beal
364,Otto,Porter
365,John,Wall
366,Markieff,Morris
367,Marcus,Thornton
368,Tomas,Satoransky
369,Andrew,Nicholson
370,Kelly,Oubre
371,Trey,Burke
372,Sheldon,Mac
373,Jason,Smith
374,Daniel,Ochefu
375,Danilo,Gallinari
376,Emmanuel,Mudiay
377,Jamal,Murray
378,Jusuf,Nurkic
379,Nikola,Jokic
380,Jameer,Nelson
381,Wilson,Chandler
382,Kenneth,Faried
383,Juan,Hernangomez
384,Darrell,Arthur
385,Malik,Beasley
386,Jarnell,Stokes
387,Mike,Miller
388,Omri,Casspi
389,Jordan,Farmar
390,Arinze,Onuaku
391,Christian,Wood
392,Randy,Foye
393,Doug,McDermott
394,A.J.,Hammons
395,Paul,Pierce
396,Josh,Richardson
397,Davis,Bertans
398,Gary,Harris
399,Georgios,Papagiannis
400,Steve,Novak
401,Danuel,House
402,Kay,Felder
403,Chandler,Parsons
404,Gordon,Hayward
405,Archie,Goodwin
406,Patrick,McCaw
407,Reggie,Bullock
408,John,Jenkins
409,Tim,Quarterman
410,Yogi,Ferrell
411,Danny,Green
412,Kelly,Olynyk
413,Roy,Hibbert
414,Rakeem,Christmas
415,Ricky,Rubio
416,Boris,Diaw
417,Alonzo,Gee
418,Patrick,Beverley
419,Jonathan,Gibson
420,Rodney,Stuckey
421,Jrue,Holiday
422,Al,Horford
423,Jeremy,Lamb
424,Derrick,Jones
425,Will,Barton
426,Marshall,Plumlee
427,Josh,Huestis
428,Delon,Wright
429,Jerryd,Bayless
430,Anthony,Brown
431,Ian,Mahinmi
432,Wayne,Ellington
433,Devin,Harris
434,Mike,Scott
435,Jeff,McInnis
436,Jason,Richardson
437,Gerald,Wallace
438,Emeka,Okafor
439,Earl,Boykins
440,Derek,Anderson
441,Matt,Carroll
442,Ryan,Hollins
443,Nazr,Mohammed
444,Stephen,Jackson
445,Baron,Davis
446,Al,Harrington
447,Kelenna,Azubuike
448,Andris,Biedrins
449,Mickael,Pietrus
450,Brandan,Wright
451,Patrick,O'Bryant
452,Shane,Battier
453,Yao,Ming
454,Tracy,McGrady
455,Rafer,Alston
456,Carl,Landry
457,Bonzi,Wells
458,Chuck,Hayes
459,Luther,Head
460,Danny,Granger
461,Jeff,Foster
462,Troy,Murphy
463,Travis,Diener
464,Jamaal,Tinsley
465,Shawne,Williams
466,Kareem,Rush
467,David,Harrison
468,Jason,Kidd
469,Josh,Boone
470,Sean,Williams
471,Antoine,Wright
472,Bostjan,Nachbar
473,Jason,Collins
474,Marcus,Williams
475,Darrell,Armstrong
476,Jason,Williams
477,Mark,Blount
478,Dorell,Wright
479,Earl,Barron
480,Ricky,Davis
481,Alexander,Johnson
482,Luke,Jackson
483,Chris,Quinn
484,Al,Thornton
485,Cuttino,Mobley
486,Tim,Thomas
487,Sam,Cassell
488,Josh,Powell
489,Quinton,Ross
490,Aaron,Williams
491,Brevin,Knight
492,Dan,Dickau
493,Ryan,Gomes
494,Marko,Jaric
495,Sebastian,Telfair
496,Craig,Smith
497,Antoine,Walker
498,Rashad,McCants
499,Michael,Doleac
500,Rashard,Lewis
501,Hedo,Turkoglu
502,Maurice,Evans
503,Carlos,Arroyo
504,Keith,Bogans
505,Keyon,Dooling
506,Brian,Cook
507,Adonal,Foyle
508,Pat,Garrity
509,Andre,Miller
510,Samuel,Dalembert
511,Willie,Green
512,Rodney,Carney
513,Reggie,Evans
514,Kevin,Ollie
515,Nate,Robinson
516,Fred,Jones
517,Renaldo,Balkman
518,Malik,Rose
519,Jared,Jeffries
520,Brandon,Roy
521,Steve,Blake
522,Martell,Webster
523,Joel,Przybilla
524,Travis,Outlaw
525,Jarrett,Jack
526,Peja,Stojakovic
527,Morris,Peterson
528,Jannero,Pargo
529,Bobby,Jackson
530,Melvin,Ely
531,Ryan,Bowen
532,Hilton,Armstrong
533,Brad,Miller
534,Kevin,Martin
535,Mike,Bibby
536,Mikki,Moore
537,John,Salmons
538,Francisco,Garcia
539,Kobe,Bryant
540,Vladimir,Radmanovic
541,Ronny,Turiaf
542,Lamar,Odom
543,Derek,Fisher
544,Didier,Ilunga-Mbenga
545,Coby,Karl
546,Chris,Bosh
547,Andrea,Bargnani
548,Anthony,Parker
549,Jamario,Moon
550,Carlos,Delfino
551,Jason,Kapono
552,Juan,Dixon
553,Rasho,Nesterovic
554,Mehmet,Okur
555,Carlos,Boozer
556,Ronnie,Brewer
557,Andrei,Kirilenko
558,Matt,Harpring
559,Ronnie,Price
560,Jarron,Collins
561,Antonio,Daniels
562,Andray,Blatche
563,Antawn,Jamison
564,DeShawn,Stevenson
565,Brendan,Haywood
566,Darius,Songaila
567,Roger,Mason
568,Dominic,McGuire
569,Nenad,Krstic
570,Josh,Smith
571,Anthony,Johnson
572,Josh,Childress
573,Acie,Law
574,Tyronn,Lue
575,Zydrunas,Ilgauskas
576,Drew,Gooden
577,Larry,Hughes
578,Ira,Newble
579,Daniel,Gibson
580,Damon,Jones
581,Devin,Brown
582,Dwayne,Jones
583,Othella,Harrington
584,Allen,Iverson
585,Kenyon,Martin
586,Anthony,Carter
587,Steven,Hunter
588,Linas,Kleiza
589,Yakhouba,Diawara
590,Von,Wafer
591,Marquis,Daniels
592,Darko,Milicic
593,Juan,Carlos Navarro
594,Hakim,Warrick
595,Casey,Jacobsen
596,Brian,Cardinal
597,Andre,Brown
598,Mike,James
599,Dikembe,Mutombo
600,Mo,Williams
601,Yi,Jianlian
602,Royal,Ivey
603,Bobby,Simmons
604,Charlie,Bell
605,Desmond,Mason
606,Charlie,Villanueva
607,Dan,Gadzuric
608,Ben,Wallace
609,Kirk,Hinrich
610,Andres,Nocioni
611,Ben,Gordon
612,Viktor,Khryapa
613,Chris,Duhon
614,Joe,Smith
615,Tyrus,Thomas
616,Quentin,Richardson
617,Chris,Wilcox
618,Earl,Watson
619,Damien,Wilkins
620,Kurt,Thomas
621,Delonte,West
622,Luke,Ridnour
623,Johan,Petro
624,Josh,Howard
625,Erick,Dampier
626,Eddie,Jones
627,Trenton,Hassell
628,DeSagana,Diop
629,Devean,George
630,Juwan,Howard
631,Maurice,Ager
632,Richard,Hamilton
633,Rasheed,Wallace
634,Chauncey,Billups
635,Antonio,McDyess
636,Tayshaun,Prince
637,Jason,Maxiell
638,Jarvis,Hayes
639,Walter,Herrmann
640,Luke,Walton
641,Caron,Butler
642,Oleksiy,Pecherov
643,T.J.,Ford
644,Joey,Graham
645,Daequan,Cook
646,Chris,Kaman
647,Corey,Maggette
648,Eddy,Curry
649,Mardy,Collins
650,Raja,Bell
651,Grant,Hill
652,Amar'e,Stoudemire
653,Shawn,Marion
654,Steve,Nash
655,Brian,Skinner
656,Marcus,Banks
657,D.J.,Strawberry
658,Eric,Piatkowski
659,Sean,Marks
660,Eduardo,Najera
661,Aaron,Gray
662,Wally,Szczerbiak
663,Robert,Swift
664,Julian,Wright
665,Rasual,Butler
666,Ray,Allen
667,Kendrick,Perkins
668,Brian,Scalabrine
669,James,Posey
670,Eddie,House
671,Glen,Davis
672,Leon,Powe
673,Donyell,Marshall
674,Tim,Duncan
675,Bruce,Bowen
676,Fabricio,Oberto
677,Damon,Stoudamire
678,Michael,Finley
679,Jacque,Vaughn
680,Ime,Udoka
681,Robert,Horry
682,Matt,Bonner
683,Francisco,Elson
684,Stephen,Graham
685,Ike,Diogu
686,Kwame,Brown
687,Javaris,Crittenton
688,Malik,Allen
689,Mario,West
690,Michael,Ruffin
691,Jason,Hart
692,Marcus,Camby
693,Adrian,Griffin
694,Raef,LaFrentz
695,Quincy,Douby
696,Justin,Williams
697,Dahntay,Jones
698,Chris,Webber
699,Shannon,Brown
700,Cedric,Simmons
701,Eric,Snow
702,Stromile,Swift
703,Jermareo,Davidson
704,Jerry,Stackhouse
705,Taurean,Green
706,Primoz,Brezec
707,Shelden,Williams
708,Michael,Redd
709,Jake,Voskuhl
710,Gordan,Giricek
711,Demetris,Nichols
712,Mark,Madsen
713,Greg,Buckner
714,Lorenzen,Wright
715,Nick,Fazekas
716,Andre,Owens
717,Austin,Croshere
718,Darrick,Martin
719,Maceo,Baston
720,Kevin,Garnett
721,Solomon,Jones
722,Jeremy,Richardson
723,Salim,Stoudamire
724,Lou,Amundson
725,Calvin,Booth
726,Shaquille,O'Neal
727,Theo,Ratliff
728,Mickael,Gelabale
729,Billy,Thomas
730,Kaniel,Dickens
731,Scot,Pollard
732,Linton,Johnson
733,Gabe,Pruitt
734,Kirk,Snyder
735,Chris,Richard
736,Shavlik,Randolph
737,Bobby,Jones
738,Sasha,Pavlovic
739,J.J.,Hickson
740,Will,Bynum
741,Kyle,Weaver
742,Chucky,Atkins
743,Jason,Thompson
744,Tony,Battie
745,Jermaine,O'Neal
746,Will,Solomon
747,Roko,Ukic
748,Nathan,Jawai
749,Malik,Hairston
750,Mario,Chalmers
751,Jamaal,Magloire
752,Joel,Anthony
753,Greg,Oden
754,Rudy,Fernandez
755,Sun,Yue
756,Donte,Greene
757,Alando,Tucker
758,Adam,Morrison
759,Cartier,Martin
760,Sean,Singletary
761,Kyrylo,Fesenko
762,Morris,Almond
763,O.J.,Mayo
764,Darius,Miles
765,Darnell,Jackson
766,Trey,Johnson
767,Joe,Alexander
768,Chris,Douglas-Roberts
769,Elton,Brand
770,James,Singleton
771,Brent,Barry
772,Ronald,Murray
773,Chris,Mihm
774,Cheikh,Samb
775,Rob,Kurz
776,Sonny,Weems
777,Anthony,Randolph
778,Sean,May
779,Eddie,Gill
780,Randolph,Morris
781,Anthony,Roberson
782,Kenny,Thomas
783,Henry,Walker
784,Thomas,Gardner
785,Alex,Acker
786,Tarence,Kinsey
787,Lindsey,Hunter
788,J.R.,Giddens
789,Courtney,Sims
790,Mike,Taylor
791,Pops,Mensah-Bonsu
792,Stephon,Marbury
793,Bogdan,Bogdanovic
794,De'Aaron,Fox
795,Justin,Jackson
796,Frank,Mason
797,Jayson,Tatum
798,Semi,Ojeleye
799,Daniel,Theis
800,Abdel,Nader
801,Shane,Larkin
802,Guerschon,Yabusele
803,Khris,Middleton
804,Sterling,Brown
805,D.J.,Wilson
806,Dwayne,Bacon
807,Malik,Monk
808,Marcus,Paige
809,Johnny,O'Bryant
810,T.J.,Leaf
811,Alex,Poythress
812,Ike,Anigbogu
813,Ante,Zizic
814,Cedi,Osman
815,OG,Anunoby
816,Alfonzo,McKinnie
817,Dennis,Smith
818,Maxi,Kleber
819,Nerlens,Noel
820,Sindarius,Thornwell
821,Jawun,Evans
822,Brice,Johnson
823,Jonathan,Isaac
824,Wesley,Iwundu
825,Dillon,Brooks
826,Tyreke,Evans
827,Kobi,Simmons
828,Ivan,Rabb
829,Lauri,Markkanen
830,David,Nwaba
831,Quincy,Pondexter
832,Okaro,White
833,Bam,Adebayo
834,Marcus,Georges-Hunt
835,Darius,Miller
836,Zhou,Qi
837,Frank,Ntilikina
838,Damyean,Dotson
839,Isaiah,Taylor
840,John,Collins
841,Tyler,Dorsey
842,Ben,Simmons
843,Furkan,Korkmaz
844,Zach,Collins
845,Caleb,Swanigan
846,Donovan,Mitchell
847,Alec,Burks
848,Ekpe,Udoh
849,Tony,Bradley
850,Royce,O'Neale
851,Josh,Jackson
852,Jodie,Meeks
853,Carrick,Felix
854,Lonzo,Ball
855,Kyle,Kuzma
856,Josh,Hart
857,Jordan,Bell
858,Brandon,Paul
859,Derrick,White
860,Gian,Clavell
861,Reggie,Jackson
862,Eric,Moreland
863,Luke,Kennard
864,Caris,LeVert
865,Spencer,Dinwiddie
866,Jacob,Wiley
867,Terrance,Ferguson
868,Dakari,Johnson
869,Michael,Carter-Williams
870,Wayne,Selden
871,Tyler,Cavanaugh
872,Derrick,Walton
873,Vander,Blue
874,Thomas,Bryant
875,Jabari,Bird
876,Antonio,Blakeney
877,Luis,Montero
878,C.J.,Williams
879,Charles,Cooke
880,Jalen,Jones
881,Alec,Peters
882,Matt,Costello
883,Quinn,Cook
884,Vince,Hunter
885,Nate,Wolters
886,Jarrett,Allen
887,Gary,Payton
888,Daniel,Hamilton
889,Jamil,Wilson
890,Antonius,Cleveland
891,Jack,Cooley
892,Lorenzo,Brown
893,John,Holland
894,Jacob,Pullen
895,Tyler,Lydon
896,Josh,Magette
897,Briante,Weber
898,London,Perrantes
899,Torrey,Craig
900,Julyan,Stone
901,Andre,Barrett
902,James,Augustine
903,Awvee,Storey
904,P.J.,Brown
905,Mike,Wilks
906,Mike,Harris
907,Smush,Parker
908,Mouhamed,Sene
909,Lance,Allred
910,Kosta,Perovic
911,Stephane,Lasme
912,Blake,Ahearn
913,Kasib,Powell
914,Loren,Woods
915,Ray,McCallum
916,Jared,Sullinger
917,Cameron,Bairstow
918,Tiago,Splitter
919,Lamar,Patterson
920,P.J.,Hairston
921,Tyler,Hansbrough
922,Jeremy,Evans
923,Erick,Green
924,Cameron,Payne
925,Mitch,McGary
926,Chris,Copeland
927,Damien,Inglis
928,Markel,Brown
929,Sergey,Karasev
930,Donald,Sloan
931,Jordan,Adams
932,Russ,Smith
933,Festus,Ezeli
934,Cory,Jefferson
935,Pablo,Prigioni
936,Cleanthony,Early
937,Jared,Cunningham
938,Sasha,Kaun
939,JaKarr,Sampson
940,Kendall,Marshall
941,Chase,Budinger
942,Toney,Douglas
943,James,Anderson
944,Phil,Pressey
945,Elijah,Millsap
946,Chris,Johnson
947,Tibor,Pleiss
948,Gary,Neal
949,DeJuan,Blair
950,Kostas,Papanikolaou
951,Norris,Cole
952,Devyn,Marble
953,Edy,Tavares
954,Duje,Dukan
955,Cliff,Alexander
956,Jimmer,Fredette
957,Robert,Sacre
958,Shayne,Whittington
959,Pero,Antic
960,Jerome,Jordan
961,Jorge,Gutierrez
962,Tony,Mitchell
963,Luigi,Datome
964,Xavier,Henry
965,Ognjen,Kuzmic
966,Donatas,Motiejunas
967,Joey,Dorsey
968,Nick,Johnson
969,Nikola,Pekovic
970,Robbie,Hummel
971,Greg,Smith
972,Perry,Jones
973,Landry,Fields
974,Greg,Stiemsma
975,Andre,Dawkins
976,Tony,Wroten
977,Henry,Sims
978,Brandon,Davies
979,Malcolm,Thomas
980,Alexey,Shved
981,Larry,Sanders
982,Glen,Rice
983,Travis,Wear
984,Zoran,Dragic
985,Patric,Young
986,Alex,Kirk
987,Kalin,Lucas
988,Jeff,Ayres
989,Austin,Daye
990,Will,Cherry
991,Joel,Freeland
992,A.J.,Price
993,Toure',Murry
994,Nemanja,Nedovic
995,Drew,Gordon
996,Victor,Claver
997,Nick,Calathes
998,Ricky,Ledo
999,Grant,Jerrett
1000,Jeff,Adrien
1001,Walter,Sharpe
1002,Hamed,Haddadi
1003,James,White
1004,Othello,Hunter
1005,Gilbert,Arenas
1006,Ryan,Arcidiacono
1007,Shaquille,Harrison
1008,Brandon,Sampson
1009,Trae,Young
1010,Kevin,Huerter
1011,Omari,Spellman
1012,Jaylen,Adams
1013,B.J.,Johnson
1014,Troy,Brown
1015,Chasson,Randle
1016,Robert,Williams
1017,Brad,Wanamaker
1018,Miles,Bridges
1019,Rodions,Kurucs
1020,Bonzie,Colson
1021,Isaac,Bonga
1022,Alex,Caruso
1023,Moritz,Wagner
1024,Kenrich,Williams
1025,Frank,Jackson
1026,Deandre,Ayton
1027,Mikal,Bridges
1028,De'Anthony,Melton
1029,Elie,Okobo
1030,Ray,Spalding
1031,Landry,Shamet
1032,Shai,Gilgeous-Alexander
1033,Tyrone,Wallace
1034,Johnathan,Motley
1035,Harry,Giles
1036,Gary,Trent
1037,Anfernee,Simons
1038,Malcolm,Miller
1039,Chris,Boucher
1040,Bruce,Brown
1041,Sviatoslav,Mykhailiuk
1042,Khyri,Thomas
1043,Collin,Sexton
1044,Jevon,Carter
1045,Jalen,Brunson
1046,Luka,Doncic
1047,Ryan,Broekhoff
1048,Monte,Morris
1049,Jarred,Vanderbilt
1050,Isaiah,Briscoe
1051,Khem,Birch
1052,Amile,Jefferson
1053,Melvin,Frazier
1054,Aaron,Holiday
1055,Davon,Reed
1056,Duncan,Robinson
1057,Damion,Lee
1058,Jonah,Bolden
1059,Justin,Patton
1060,Deonte,Burton
1061,Hamidou,Diallo
1062,Drew,Eubanks
1063,Lonnie,Walker
1064,Trevon,Duval
1065,Naz,Mitrou-Long
1066,Grayson,Allen
1067,Gary,Clark
1068,Vince,Edwards
1069,Kevin,Knox
1070,Allonzo,Trier
1071,Mitchell,Robinson
1072,Luke,Kornet
1073,Jerome,Robinson
1074,Donte,Grantham
1075,Josh,Okogie
1076,Keita,Bates-Diop
1077,Cameron,Reynolds
1078,Theo,Pinson
1079,Johnathan,Williams
1080,Thomas,Welsh
1081,Chimezie,Metu
1082,Jacob,Evans
1083,Troy,Caupain
1084,Haywood,Highsmith
1085,Kostas,Antetokounmpo
1086,Edmond,Sumner
1087,Donte,DiVincenzo
1088,Devonte',Graham
1089,Dairis,Bertans
1090,Jared,Terrell
1091,Deng,Adel
1092,Andre,Ingram
1093,Zhaire,Smith
1094,Marvin,Bagley
1095,Jordan,Loyd
1096,Kadeem,Allen
1097,PJ,Dozier
1098,Yante,Maten
1099,Julian,Washburn
1100,Yuta,Watanabe
1101,Mohamed,Bamba
1102,Scott,Machado
1103,Daryl,Macon
1104,Marcus,Derrickson
1105,Alize,Johnson
1106,Chris,Chiozza
1107,Shake,Milton
1108,Brandon,Goodwin
1109,Isaiah,Hartenstein
1110,Rawle,Alkins
1111,Angel,Delgado
1112,Walt,Lemon
1113,Dusty,Hannahs
1114,Jemerrio,Jones
1115,Armon,Johnson
1116,Willie,Warren
1117,David,Andersen
1118,Jawad,Williams
1119,Semih,Erden
1120,Luke,Harangody
1121,DaJuan,Summers
1122,Sam,Young
1123,Hasheem,Thabeet
1124,Devin,Ebanks
1125,Derrick,Caracter
1126,Lazar,Hayward
1127,Jon,Brockman
1128,Jordan,Crawford
1129,Dominique,Jones
1130,Gary,Forbes
1131,Reggie,Williams
1132,Eric,Maynor
1133,D.J.,White
1134,Derrick,Brown
1135,Sherron,Collins
1136,Terrence,Williams
1137,Damion,James
1138,Garret,Siler
1139,Earl,Clark
1140,Lester,Hudson
1141,Jermaine,Taylor
1142,Etan,Thomas
1143,Andy,Rautins
1144,Sundiata,Gaines
1145,Manny,Harris
1146,Solomon,Alabi
1147,Ben,Uzoh
1148,Hamady,N'Diaye
1149,Byron,Mullens
1150,Eugene,Jeter
1151,Craig,Brackins
1152,Jaylen,Morris
1153,Scotty,Hopson
1154,Kyle,Collinsworth
1155,Milos,Teodosic
1156,Myke,Henry
1157,Trey,McKinney-Jones
1158,Xavier,Munford
1159,Dwight,Buycks
1160,Isaiah,Hicks
1161,Jarell,Eddie
1162,Xavier,Rathan-Mayes
1163,Andrew,White
1164,Nigel,Hayes
1165,Reggie,Hearn
1166,Damian,Jones
1167,Rodney,Purvis
1168,Jameel,Warney
1169,Erik,McCree
1170,Larry,Drew
1171,Milton,Doyle
1172,David,Stockton
1173,Mangok,Mathiang
1174,Jamel,Artis
1175,Marquis,Teague
1176,Markelle,Fultz
1177,Chinanu,Onuaku
1178,MarShon,Brooks
1179,Xavier,Silas
1180,Alonzo,Mourning
1181,Anfernee,Hardaway
1182,Troy,Hudson
1183,Ruben,Patterson
1184,Paul,Davis
1185,Jorge,Garbajosa
1186,Ronald,Dupree
1187,Andrew,Bynum
1188,Orien,Greene
1189,Darryl,Watkins
1190,Shareef,Abdur-Rahim
1191,Darius,Washington
1192,Bo,Outlaw
1193,Steve,Francis
1194,Marcus,Vinicius
1195,Jelani,McCoy
1196,Miroslav,Raduljica
1197,Vitor,Faverani
1198,Jeffery,Taylor
1199,James,Southerland
1200,Quincy,Miller
1201,Jordan,Hamilton
1202,Gal,Mekel
1203,Bernard,James
1204,Nando,De Colo
1205,Peyton,Siva
1206,Josh,Harrellson
1207,Jamaal,Franklin
1208,Doron,Lamb
1209,Dionte,Christmas
1210,Viacheslav,Kravtsov
1211,Darius,Morris
1212,Daniel,Orton
1213,Jan,Vesely
1214,Orlando,Johnson
1215,Erik,Murphy
1216,Elias,Harris
1217,Gustavo,Ayon
1218,Tornike,Shengelia
1219,Tyshawn,Taylor
1220,Diante,Garrett
1221,Chris,Smith
1222,Elliot,Williams
1223,Chris,Singleton
1224,Jaren,Jackson
1225,Jaron,Blossomgame
1226,Mitch,Creek
1227,Emanuel,Terry
1228,Dzanan,Musa
1229,Jordan,Sibert
1230,Tahjere,McCall
1231,James,Webb
1232,Josh,Gray
1233,Ben,Moore
1234,Devin,Robinson
1235,Kris,Joseph
1236,Samardo,Samuels
1237,Nolan,Smith
1238,Kim,English
1239,Cory,Higgins
1240,Charles,Jenkins
1241,Maalik,Wayns
1242,Ivan,Johnson
1243,Luke,Zeller
1244,DeQuan,Jones
1245,Will,Conroy
1246,Malcolm,Lee
1247,Terrel,Harris
1248,Arnett,Moultrie
1249,Ben,Hansbrough
1250,Josh,Selby
1251,Kevin,Murphy
1252,Jeremy,Tyler
1253,Darius,Johnson-Odom
1254,Rodrigue,Beaubois
1255,Jeremy,Pargo
1256,Sarunas,Jasikevicius
1257,Rawle,Marshall
1258,Bernard,Robinson
1259,David,Wesley
1260,Shammond,Williams
1261,Keith,McLeod
1262,Kelvin,Cato
1263,Jake,Tsakalidis
1264,Lawrence,Roberts
1265,Maurice,Taylor
1266,Eddie,Griffin
1267,Hassan,Adams
1268,Mile,Ilic
1269,Speedy,Claxton
1270,Matt,Freije
1271,Cedric,Bozeman
1272,Scott,Padgett
1273,Daniel,Ewing
1274,Michael,Olowokandi
1275,Corliss,Williamson
1276,Danny,Fortson
1277,Damir,Markota
1278,David,Noel
1279,Vassilis,Spanoulis
1280,Dee,Brown
1281,Justin,Reed
1282,Bracey,Wright
1283,Ivan,McFarlin
1284,Alan,Henderson
1285,Wayne,Simien
1286,Clifford,Robinson
1287,Jalen,Rose
1288,Donell,Taylor
1289,Andreas,Glyniadakis
1290,Dale,Davis
1291,DerMarr,Johnson
1292,Dajuan,Wagner
1293,Jumaine,Jones
1294,Pat,Burke
1295,Rafael,Araujo
1296,Roger,Powell
1297,Chris,McCray
1298,Mike,Sweetney
1299,Allan,Ray
1300,Jerome,James
1301,Desmon,Farmer
1302,Marc,Jackson
1303,Eric,Williams
1304,Steven,Smith
1305,Robert,Hite
1306,Jackie,Butler
1307,Jamal,Sampson
1308,Esteban,Batista
1309,James,Lang
1310,Mickell,Gladness
1311,Dexter,Pittman
1312,Andrew,Goudelock
1313,Justin,Harper
1314,Carldell,Johnson
1315,Dennis,Horner
1316,Vernon,Macklin
1317,Josh,Davis
1318,JaJuan,Johnson
1319,Trey,Thompkins
1320,Travis,Leslie
1321,Jonny,Flynn
1322,Chris,Wright
1323,Tyler,Honeycutt
1324,Patrick,Ewing
1325,Zabian,Dowdell
1326,Christian,Eyenga
1327,Othyus,Jeffers
1328,Mustafa,Shakur
1329,Larry,Owens
1330,Pape,Sy
1331,Chris,Hunter
1332,Cedric,Jackson
1333,Oliver,Lafayette
1334,Gani,Lawal
1335,Kevin,Jones
1336,Jarvis,Varnado
1337,Vitaly,Potapenko
1338,Uros,Slokar
1339,Yaroslav,Korolev
1340,Will,Blalock
1341,Stanislav,Medvedenko
1342,Jordan,Williams
1343,Justin,Dentmon
1344,Walker,Russell
1345,Jerome,Dyson
1346,D.J.,Kennedy
1347,Derrick,Byars
1348,Courtney,Fortson
1349,Matt,Williams
1350,Michael,Young
1351,Junior,Harrington
1352,Lynn,Greer
1353,Mike,Hall
1354,Jared,Reiner
1355,Kevinn,Pinkney
1356,Luke,Schenscher
1357,Kevin,Willis
1358,Randy,Livingston
1359,Pape,Sow
1360,Tim,Ohlbrecht
1361,Josh,Akognon
1362,Fab,Melo
1363,Richie,Frahm
1364,Keith,Langford
1365,James,Nunnally
1366,Wendell,Carter
1367,Chandler,Hutchison
1368,J.P.,Macura
1369,Joe,Chealey
1370,Aaron,Jackson
1371,Yakuba,Ouattara
1372,Jarrod,Uthoff
1373,Shawn,Long
1374,Patricio,Garino
1375,Axel,Toupane
1376,Bryce,Cotton
1377,Branden,Dawson
1378,Guillermo,Diaz
1379,Pierre,Jackson
1380,Ronald,Roberts
1381,Furkan,Aldemir
1382,Patrick,Christopher
1383,D.J.,Stephens
1384,Casper,Ware
1385,Chris,Babb
1386,Adonis,Thomas
1387,David,Wear
1388,Jabari,Brown
1389,Jerel,McNeal
1390,Sim,Bhullar
1391,DeVaughn,Akoon-Purcell
1392,George,King
1393,Zach,Lofton
1394,Keenan,Evans
1395,Trevon,Bluiett
1396,Mychel,Thompson
1397,Darington,Hobson
1398,Omari,Johnson
1399,DeMarcus,Nelson
1400,Trey,Gilder
1401,Marcus,Landry
1402,Isaac,Humphries
1403,Billy,Garrett
1404,Julius,Hodge
1405,Aaron,McKie
1406,Dijon,Thompson
1407,Renaldo,Major
1408,Alvin,Williams
1409,Doug,Christie
1410,Jonathan,Bender
1411,Marcus,Haislip
1412,JamesOn,Curry
1413,Taylor,Griffin
1414,Dontell,Jefferson
1415,Joe,Crawford
1416,Wenyen,Gabriel
1417,J.J.,O'Brien
1418,Keith,Appling
1419,Bryce,Dejean-Jones
1420,Thanasis,Antetokounmpo
1421,Alex,Stepheson
1422,Coty,Clarke
1423,Ben,Bentil
1424,Jerrelle,Benimon
1425,Steven,Hill
1426,Mike,Tobey
1427,Shane,Edwards
1428,Royce,White
1429,Antonio,Anderson
1430,Ryan,Reid
1431,Andre,Emmett
1432,Eric,Dawson
1433,Tyler,Davis
1434,Marcus,Cousin
1435,Jeff,Foote
1436,Jerry,Smith
1437,Edwin,Ubiles
1438,Keith,Benson
